[
   {
      "model":"employees.Position",
      "pk":1,
      "fields":{
         "name":"Python программист"
      }
   },
   {
      "model":"employees.Position",
      "pk":2,
      "fields":{
         "name":"PHP программист"
      }
   },
   {
      "model":"employees.Position",
      "pk":3,
      "fields":{
         "name":"HTML/CSS программист"
      }
   },
   {
      "model":"employees.Position",
      "pk":4,
      "fields":{
         "name":"SEO менеджер"
      }
   },
   {
      "model":"employees.Position",
      "pk":5,
      "fields":{
         "name":"Начальник отдела разработки"
      }
   },
   {
      "model":"employees.Position",
      "pk":6,
      "fields":{
         "name":"Менеджер по продажам"
      }
   },
   {
      "model":"employees.Position",
      "pk":7,
      "fields":{
         "name":"Генеральный директор"
      }
   },
   {
      "model":"employees.Department",
      "pk":1,
      "fields":{
         "name":"Веб-разработка"
      }
   },
   {
      "model":"employees.Department",
      "pk":2,
      "fields":{
         "name":"Мобильная разработка"
      }
   },
   {
      "model":"employees.Department",
      "pk":3,
      "fields":{
         "name":"Десктопная разработка"
      }
   },
   {
      "model":"employees.Employee",
      "pk":1,
      "fields":{
         "lastname":"Носков",
         "firstname":"Никодим",
         "secondname":"Харитонович",
         "birthdate":"1977-12-10",
         "email":"hellis0@diigo.com",
         "phone":"66-(719)684-4558",
         "begin_work":"2016-11-25T9:10:00+03:00",
         "end_work":"2016-11-25T18:29:00+03:00",
         "position_id":3,
         "department_id":3
      }
   },
   {
      "model":"employees.Employee",
      "pk":2,
      "fields":{
         "lastname":"Цветков",
         "firstname":"Андрон",
         "secondname":"Якубович",
         "birthdate":"1987-08-28",
         "email":"bmoreno1@joomla.org",
         "phone":"420-(614)263-9967",
         "begin_work":"2016-11-25T8:34:00+03:00",
         "end_work":"2016-11-25T18:11:00+03:00",
         "position_id":1,
         "department_id":2
      }
   },
   {
      "model":"employees.Employee",
      "pk":3,
      "fields":{
         "lastname":"Евсеев",
         "firstname":"Остап",
         "secondname":"Феофанович",
         "birthdate":"1974-06-28",
         "email":"ddixon2@java.com",
         "phone":"595-(126)857-8276",
         "begin_work":"2016-11-25T8:37:00+03:00",
         "end_work":null,
         "position_id":3,
         "department_id":1
      }
   },
   {
      "model":"employees.Employee",
      "pk":4,
      "fields":{
         "lastname":"Блинов",
         "firstname":"Велимир",
         "secondname":"Гордеевич",
         "birthdate":"1971-07-19",
         "email":"aalvarez3@arizona.edu",
         "phone":"86-(673)206-7537",
         "begin_work":"2016-11-25T8:59:00+03:00",
         "end_work":"2016-11-25T18:09:00+03:00",
         "position_id":1,
         "department_id":2
      }
   },
   {
      "model":"employees.Employee",
      "pk":5,
      "fields":{
         "lastname":"Калинин",
         "firstname":"Велимир",
         "secondname":"Владиленович",
         "birthdate":"1991-03-14",
         "email":"wjones4@elpais.com",
         "phone":"420-(458)507-6595",
         "begin_work":"2016-11-25T8:38:00+03:00",
         "end_work":"2016-11-25T17:36:00+03:00",
         "position_id":1,
         "department_id":2
      }
   },
   {
      "model":"employees.Employee",
      "pk":6,
      "fields":{
         "lastname":"Летов",
         "firstname":"Мстислав",
         "secondname":"Харлампович",
         "birthdate":"1972-06-27",
         "email":"jhunter5@devhub.com",
         "phone":"30-(963)542-5871",
         "begin_work":"2016-11-25T9:12:00+03:00",
         "end_work":"2016-11-25T18:09:00+03:00",
         "position_id":1,
         "department_id":2
      }
   },
   {
      "model":"employees.Employee",
      "pk":7,
      "fields":{
         "lastname":"Наумов",
         "firstname":"Аркадий",
         "secondname":"Владленович",
         "birthdate":"1975-03-16",
         "email":"soliver6@eepurl.com",
         "phone":"62-(262)675-5758",
         "begin_work":"2016-11-25T8:44:00+03:00",
         "end_work":"2016-11-25T18:27:00+03:00",
         "position_id":3,
         "department_id":3
      }
   },
   {
      "model":"employees.Employee",
      "pk":8,
      "fields":{
         "lastname":"Калинин",
         "firstname":"Юрий",
         "secondname":"Игнатович",
         "birthdate":"1992-04-23",
         "email":"carmstrong7@parallels.com",
         "phone":"55-(465)339-3684",
         "begin_work":"2016-11-25T8:46:00+03:00",
         "end_work":"2016-11-25T18:19:00+03:00",
         "position_id":2,
         "department_id":3
      }
   },
   {
      "model":"employees.Employee",
      "pk":9,
      "fields":{
         "lastname":"Суханов",
         "firstname":"Родион",
         "secondname":"Харлампьевич",
         "birthdate":"1984-08-05",
         "email":"dmorris8@vkontakte.ru",
         "phone":"976-(806)915-5818",
         "begin_work":"2016-11-25T9:13:00+03:00",
         "end_work":null,
         "position_id":2,
         "department_id":3
      }
   },
   {
      "model":"employees.Employee",
      "pk":10,
      "fields":{
         "lastname":"Смирнов",
         "firstname":"Казимир",
         "secondname":"Давидович",
         "birthdate":"1989-10-25",
         "email":"hwoods9@topsy.com",
         "phone":"226-(486)358-0764",
         "begin_work":"2016-11-25T8:44:00+03:00",
         "end_work":null,
         "position_id":3,
         "department_id":2
      }
   },
   {
      "model":"employees.Employee",
      "pk":11,
      "fields":{
         "lastname":"Абрамов",
         "firstname":"Евдоким",
         "secondname":"Эдгарович",
         "birthdate":"1988-05-13",
         "email":"lmorrisa@spotify.com",
         "phone":"359-(532)456-4863",
         "begin_work":"2016-11-25T9:12:00+03:00",
         "end_work":"2016-11-25T17:54:00+03:00",
         "position_id":2,
         "department_id":3
      }
   },
   {
      "model":"employees.Employee",
      "pk":12,
      "fields":{
         "lastname":"Прохоров",
         "firstname":"Устин",
         "secondname":"Антонович",
         "birthdate":"1988-05-07",
         "email":"jreynoldsb@imdb.com",
         "phone":"62-(325)532-3452",
         "begin_work":"2016-11-25T9:26:00+03:00",
         "end_work":null,
         "position_id":2,
         "department_id":2
      }
   },
   {
      "model":"employees.Employee",
      "pk":13,
      "fields":{
         "lastname":"Петухов",
         "firstname":"Цезарь",
         "secondname":"Харлампович",
         "birthdate":"1984-10-03",
         "email":"efordc@slashdot.org",
         "phone":"66-(330)404-4462",
         "begin_work":"2016-11-25T9:18:00+03:00",
         "end_work":null,
         "position_id":3,
         "department_id":1
      }
   },
   {
      "model":"employees.Employee",
      "pk":14,
      "fields":{
         "lastname":"Исаков",
         "firstname":"Никодим",
         "secondname":"Елисеевич",
         "birthdate":"1972-04-10",
         "email":"sandersond@vistaprint.com",
         "phone":"385-(190)336-6177",
         "begin_work":"2016-11-25T8:58:00+03:00",
         "end_work":"2016-11-25T18:09:00+03:00",
         "position_id":2,
         "department_id":3
      }
   },
   {
      "model":"employees.Employee",
      "pk":15,
      "fields":{
         "lastname":"Васильев",
         "firstname":"Эраст",
         "secondname":"Бориславович",
         "birthdate":"1993-03-09",
         "email":"dkime@indiatimes.com",
         "phone":"380-(204)170-5255",
         "begin_work":"2016-11-25T8:33:00+03:00",
         "end_work":"2016-11-25T18:06:00+03:00",
         "position_id":2,
         "department_id":1
      }
   },
   {
      "model":"employees.Employee",
      "pk":16,
      "fields":{
         "lastname":"Большаков",
         "firstname":"Маркел",
         "secondname":"Брониславович",
         "birthdate":"1985-05-29",
         "email":"mgriffinf@163.com",
         "phone":"358-(278)843-8030",
         "begin_work":"2016-11-25T8:57:00+03:00",
         "end_work":null,
         "position_id":3,
         "department_id":1
      }
   },
   {
      "model":"employees.Employee",
      "pk":17,
      "fields":{
         "lastname":"Шаров",
         "firstname":"Юрий",
         "secondname":"Измаилович",
         "birthdate":"1976-09-22",
         "email":"tcarpenterg@uiuc.edu",
         "phone":"255-(340)149-4217",
         "begin_work":"2016-11-25T9:15:00+03:00",
         "end_work":null,
         "position_id":2,
         "department_id":1
      }
   },
   {
      "model":"employees.Employee",
      "pk":18,
      "fields":{
         "lastname":"Куликов",
         "firstname":"Глеб",
         "secondname":"Гурьевич",
         "birthdate":"1973-06-21",
         "email":"agibsonh@marketwatch.com",
         "phone":"86-(295)648-3504",
         "begin_work":"2016-11-25T8:55:00+03:00",
         "end_work":"2016-11-25T18:00:00+03:00",
         "position_id":3,
         "department_id":2
      }
   },
   {
      "model":"employees.Employee",
      "pk":19,
      "fields":{
         "lastname":"Гусев",
         "firstname":"Октябрь",
         "secondname":"Евстигнеевич",
         "birthdate":"1974-10-14",
         "email":"cturneri@vkontakte.ru",
         "phone":"212-(626)499-2600",
         "begin_work":"2016-11-25T8:38:00+03:00",
         "end_work":"2016-11-25T18:22:00+03:00",
         "position_id":3,
         "department_id":1
      }
   },
   {
      "model":"employees.Employee",
      "pk":20,
      "fields":{
         "lastname":"Бобылев",
         "firstname":"Артамон",
         "secondname":"Чеславович",
         "birthdate":"1971-09-01",
         "email":"jgrantj@independent.co.uk",
         "phone":"224-(279)322-3524",
         "begin_work":"2016-11-25T9:26:00+03:00",
         "end_work":"2016-11-25T18:23:00+03:00",
         "position_id":3,
         "department_id":1
      }
   },
   {
      "model":"employees.Employee",
      "pk":21,
      "fields":{
         "lastname":"Селивёрстов",
         "firstname":"Наум",
         "secondname":"Аверьянович",
         "birthdate":"1990-07-20",
         "email":"gcolemank@pcworld.com",
         "phone":"420-(946)551-7424",
         "begin_work":"2016-11-25T9:10:00+03:00",
         "end_work":"2016-11-25T17:38:00+03:00",
         "position_id":3,
         "department_id":3
      }
   },
   {
      "model":"employees.Employee",
      "pk":22,
      "fields":{
         "lastname":"Марков",
         "firstname":"Новомир",
         "secondname":"Арсеньевич",
         "birthdate":"1989-09-07",
         "email":"mhowardl@umn.edu",
         "phone":"998-(538)654-3682",
         "begin_work":"2016-11-25T8:44:00+03:00",
         "end_work":"2016-11-25T18:25:00+03:00",
         "position_id":2,
         "department_id":1
      }
   },
   {
      "model":"employees.Employee",
      "pk":23,
      "fields":{
         "lastname":"Казаков",
         "firstname":"Ефим",
         "secondname":"Адрианович",
         "birthdate":"1990-06-17",
         "email":"msanchezm@bravesites.com",
         "phone":"62-(555)199-3643",
         "begin_work":"2016-11-25T8:33:00+03:00",
         "end_work":"2016-11-25T17:55:00+03:00",
         "position_id":1,
         "department_id":2
      }
   },
   {
      "model":"employees.Employee",
      "pk":24,
      "fields":{
         "lastname":"Ефимов",
         "firstname":"Юрий",
         "secondname":"Всеволодович",
         "birthdate":"1987-01-14",
         "email":"cpetersn@github.com",
         "phone":"62-(198)193-9305",
         "begin_work":"2016-11-25T9:24:00+03:00",
         "end_work":null,
         "position_id":3,
         "department_id":1
      }
   },
   {
      "model":"employees.Employee",
      "pk":25,
      "fields":{
         "lastname":"Наумов",
         "firstname":"Вячеслав",
         "secondname":"Богданович",
         "birthdate":"1990-01-12",
         "email":"gbakero@china.com.cn",
         "phone":"62-(339)698-6389",
         "begin_work":"2016-11-25T8:46:00+03:00",
         "end_work":"2016-11-25T18:16:00+03:00",
         "position_id":1,
         "department_id":1
      }
   },
   {
      "model":"employees.Employee",
      "pk":26,
      "fields":{
         "lastname":"Суворов",
         "firstname":"Степан",
         "secondname":"Антонович",
         "birthdate":"1990-07-28",
         "email":"rmoralesp@google.com.hk",
         "phone":"380-(873)251-9664",
         "begin_work":"2016-11-25T9:09:00+03:00",
         "end_work":null,
         "position_id":2,
         "department_id":2
      }
   },
   {
      "model":"employees.Employee",
      "pk":27,
      "fields":{
         "lastname":"Сергеев",
         "firstname":"Андрон",
         "secondname":"Харитонович",
         "birthdate":"1983-09-17",
         "email":"ecolemanq@huffingtonpost.com",
         "phone":"351-(506)602-6832",
         "begin_work":"2016-11-25T9:09:00+03:00",
         "end_work":"2016-11-25T17:55:00+03:00",
         "position_id":2,
         "department_id":1
      }
   },
   {
      "model":"employees.Employee",
      "pk":28,
      "fields":{
         "lastname":"Калинин",
         "firstname":"Емельян",
         "secondname":"Даниилович",
         "birthdate":"1994-10-06",
         "email":"scolemanr@statcounter.com",
         "phone":"86-(362)535-1884",
         "begin_work":"2016-11-25T8:41:00+03:00",
         "end_work":"2016-11-25T17:32:00+03:00",
         "position_id":1,
         "department_id":3
      }
   },
   {
      "model":"employees.Employee",
      "pk":29,
      "fields":{
         "lastname":"Веселов",
         "firstname":"Власий",
         "secondname":"Чеславович",
         "birthdate":"1978-09-29",
         "email":"kwashingtons@ebay.co.uk",
         "phone":"27-(135)731-2123",
         "begin_work":"2016-11-25T9:22:00+03:00",
         "end_work":"2016-11-25T17:54:00+03:00",
         "position_id":2,
         "department_id":3
      }
   },
   {
      "model":"employees.Employee",
      "pk":30,
      "fields":{
         "lastname":"Бирюков",
         "firstname":"Лев",
         "secondname":"Юлианович",
         "birthdate":"1986-11-06",
         "email":"brichardst@baidu.com",
         "phone":"1-(513)220-3952",
         "begin_work":"2016-11-25T8:52:00+03:00",
         "end_work":"2016-11-25T18:03:00+03:00",
         "position_id":1,
         "department_id":2
      }
   },
   {
      "model":"employees.Employee",
      "pk":31,
      "fields":{
         "lastname":"Михеев",
         "firstname":"Денис",
         "secondname":"Ефстафьевич",
         "birthdate":"1993-12-04",
         "email":"ppierceu@mozilla.org",
         "phone":"386-(641)501-3133",
         "begin_work":"2016-11-25T8:43:00+03:00",
         "end_work":"2016-11-25T17:39:00+03:00",
         "position_id":1,
         "department_id":2
      }
   },
   {
      "model":"employees.Employee",
      "pk":32,
      "fields":{
         "lastname":"Котов",
         "firstname":"Роман",
         "secondname":"Васильевич",
         "birthdate":"1993-07-06",
         "email":"crobinsonv@pinterest.com",
         "phone":"970-(798)165-6496",
         "begin_work":"2016-11-25T8:42:00+03:00",
         "end_work":"2016-11-25T17:58:00+03:00",
         "position_id":1,
         "department_id":1
      }
   },
   {
      "model":"employees.Employee",
      "pk":33,
      "fields":{
         "lastname":"Тарасов",
         "firstname":"Север",
         "secondname":"Феликсович",
         "birthdate":"1990-03-13",
         "email":"rdanielsw@chicagotribune.com",
         "phone":"86-(903)449-8196",
         "begin_work":"2016-11-25T9:13:00+03:00",
         "end_work":"2016-11-25T18:22:00+03:00",
         "position_id":2,
         "department_id":2
      }
   },
   {
      "model":"employees.Employee",
      "pk":34,
      "fields":{
         "lastname":"Егоров",
         "firstname":"Ярослав",
         "secondname":"Герасимович",
         "birthdate":"1971-07-16",
         "email":"tstevensx@deliciousdays.com",
         "phone":"963-(454)378-1262",
         "begin_work":"2016-11-25T9:28:00+03:00",
         "end_work":"2016-11-25T17:57:00+03:00",
         "position_id":2,
         "department_id":3
      }
   },
   {
      "model":"employees.Employee",
      "pk":35,
      "fields":{
         "lastname":"Самойлов",
         "firstname":"Валентин",
         "secondname":"Гертрудович",
         "birthdate":"1978-08-29",
         "email":"lfordy@fda.gov",
         "phone":"54-(581)466-5064",
         "begin_work":"2016-11-25T9:14:00+03:00",
         "end_work":"2016-11-25T17:38:00+03:00",
         "position_id":3,
         "department_id":3
      }
   },
   {
      "model":"employees.Employee",
      "pk":36,
      "fields":{
         "lastname":"Быков",
         "firstname":"Капитон",
         "secondname":"Ярославович",
         "birthdate":"1978-09-12",
         "email":"srosez@seattletimes.com",
         "phone":"63-(589)438-0770",
         "begin_work":"2016-11-25T8:51:00+03:00",
         "end_work":"2016-11-25T17:55:00+03:00",
         "position_id":1,
         "department_id":1
      }
   },
   {
      "model":"employees.Employee",
      "pk":37,
      "fields":{
         "lastname":"Одинцов",
         "firstname":"Кузьма",
         "secondname":"Ильич",
         "birthdate":"1971-05-15",
         "email":"fmatthews10@cnn.com",
         "phone":"55-(722)723-8898",
         "begin_work":"2016-11-25T9:06:00+03:00",
         "end_work":null,
         "position_id":3,
         "department_id":1
      }
   },
   {
      "model":"employees.Employee",
      "pk":38,
      "fields":{
         "lastname":"Селивёрстов",
         "firstname":"Филимон",
         "secondname":"Вилорович",
         "birthdate":"1973-10-30",
         "email":"aryan11@g.co",
         "phone":"380-(471)573-2403",
         "begin_work":"2016-11-25T8:33:00+03:00",
         "end_work":"2016-11-25T18:26:00+03:00",
         "position_id":1,
         "department_id":2
      }
   },
   {
      "model":"employees.Employee",
      "pk":39,
      "fields":{
         "lastname":"Веселов",
         "firstname":"Кирилл",
         "secondname":"Алексеевич",
         "birthdate":"1986-03-11",
         "email":"llewis12@freewebs.com",
         "phone":"86-(786)772-8113",
         "begin_work":"2016-11-25T8:56:00+03:00",
         "end_work":"2016-11-25T18:09:00+03:00",
         "position_id":3,
         "department_id":1
      }
   },
   {
      "model":"employees.Employee",
      "pk":40,
      "fields":{
         "lastname":"Воронцов",
         "firstname":"Зот",
         "secondname":"Димитриевич",
         "birthdate":"1980-09-22",
         "email":"sburton13@auda.org.au",
         "phone":"86-(474)678-6555",
         "begin_work":"2016-11-25T9:01:00+03:00",
         "end_work":"2016-11-25T17:38:00+03:00",
         "position_id":1,
         "department_id":1
      }
   },
   {
      "model":"employees.Employee",
      "pk":41,
      "fields":{
         "lastname":"Гордеев",
         "firstname":"Сидор",
         "secondname":"Витальевич",
         "birthdate":"1993-01-01",
         "email":"sarmstrong14@pcworld.com",
         "phone":"1-(622)959-0263",
         "begin_work":"2016-11-25T8:40:00+03:00",
         "end_work":"2016-11-25T17:42:00+03:00",
         "position_id":1,
         "department_id":3
      }
   },
   {
      "model":"employees.Employee",
      "pk":42,
      "fields":{
         "lastname":"Фомичёв",
         "firstname":"Гермоген",
         "secondname":"Аксёнович",
         "birthdate":"1977-03-29",
         "email":"jreyes15@privacy.gov.au",
         "phone":"57-(677)623-3871",
         "begin_work":"2016-11-25T8:53:00+03:00",
         "end_work":"2016-11-25T17:51:00+03:00",
         "position_id":2,
         "department_id":3
      }
   },
   {
      "model":"employees.Employee",
      "pk":43,
      "fields":{
         "lastname":"Беспалов",
         "firstname":"Свет",
         "secondname":"Владиславович",
         "birthdate":"1979-08-23",
         "email":"jmorales16@printfriendly.com",
         "phone":"995-(685)137-6216",
         "begin_work":"2016-11-25T8:41:00+03:00",
         "end_work":"2016-11-25T18:27:00+03:00",
         "position_id":2,
         "department_id":1
      }
   },
   {
      "model":"employees.Employee",
      "pk":44,
      "fields":{
         "lastname":"Евсеев",
         "firstname":"Федор",
         "secondname":"Игнатьевич",
         "birthdate":"1992-06-25",
         "email":"clynch17@barnesandnoble.com",
         "phone":"261-(665)619-3205",
         "begin_work":"2016-11-25T8:54:00+03:00",
         "end_work":null,
         "position_id":3,
         "department_id":1
      }
   },
   {
      "model":"employees.Employee",
      "pk":45,
      "fields":{
         "lastname":"Жуков",
         "firstname":"Ульян",
         "secondname":"Игнатович",
         "birthdate":"1988-11-11",
         "email":"dmyers18@usda.gov",
         "phone":"93-(429)283-5498",
         "begin_work":"2016-11-25T8:51:00+03:00",
         "end_work":null,
         "position_id":3,
         "department_id":3
      }
   },
   {
      "model":"employees.Employee",
      "pk":46,
      "fields":{
         "lastname":"Субботин",
         "firstname":"Геннадий",
         "secondname":"Изотович",
         "birthdate":"1976-03-14",
         "email":"phenry19@cam.ac.uk",
         "phone":"62-(728)299-6874",
         "begin_work":"2016-11-25T9:27:00+03:00",
         "end_work":null,
         "position_id":2,
         "department_id":2
      }
   },
   {
      "model":"employees.Employee",
      "pk":47,
      "fields":{
         "lastname":"Мухин",
         "firstname":"Онисим",
         "secondname":"Ефимович",
         "birthdate":"1989-05-08",
         "email":"jbishop1a@ihg.com",
         "phone":"359-(769)590-4316",
         "begin_work":"2016-11-25T9:22:00+03:00",
         "end_work":"2016-11-25T17:36:00+03:00",
         "position_id":3,
         "department_id":1
      }
   },
   {
      "model":"employees.Employee",
      "pk":48,
      "fields":{
         "lastname":"Князев",
         "firstname":"Никанор",
         "secondname":"Владиславович",
         "birthdate":"1987-11-09",
         "email":"bpatterson1b@house.gov",
         "phone":"62-(678)909-0953",
         "begin_work":"2016-11-25T9:03:00+03:00",
         "end_work":"2016-11-25T17:39:00+03:00",
         "position_id":2,
         "department_id":3
      }
   },
   {
      "model":"employees.Employee",
      "pk":49,
      "fields":{
         "lastname":"Калинин",
         "firstname":"Демид",
         "secondname":"Васильевич",
         "birthdate":"1975-07-19",
         "email":"kwallace1c@intel.com",
         "phone":"51-(298)449-5720",
         "begin_work":"2016-11-25T9:26:00+03:00",
         "end_work":"2016-11-25T18:05:00+03:00",
         "position_id":3,
         "department_id":1
      }
   },
   {
      "model":"employees.Employee",
      "pk":50,
      "fields":{
         "lastname":"Терентьев",
         "firstname":"Гайдар",
         "secondname":"Измаилович",
         "birthdate":"1994-03-30",
         "email":"dramos1d@mozilla.com",
         "phone":"86-(811)671-6373",
         "begin_work":"2016-11-25T9:14:00+03:00",
         "end_work":null,
         "position_id":3,
         "department_id":3
      }
   },
   {
      "model":"employees.Employee",
      "pk":51,
      "fields":{
         "lastname":"Давыдов",
         "firstname":"Елизар",
         "secondname":"Витальевич",
         "birthdate":"1983-03-27",
         "email":"areynolds1e@google.it",
         "phone":"62-(733)652-3690",
         "begin_work":"2016-11-25T8:55:00+03:00",
         "end_work":null,
         "position_id":1,
         "department_id":3
      }
   },
   {
      "model":"employees.Employee",
      "pk":52,
      "fields":{
         "lastname":"Муравьёв",
         "firstname":"Августин",
         "secondname":"Егорович",
         "birthdate":"1972-09-06",
         "email":"tfernandez1f@prlog.org",
         "phone":"58-(370)798-3987",
         "begin_work":"2016-11-25T9:05:00+03:00",
         "end_work":"2016-11-25T17:52:00+03:00",
         "position_id":2,
         "department_id":1
      }
   },
   {
      "model":"employees.Employee",
      "pk":53,
      "fields":{
         "lastname":"Зайцев",
         "firstname":"Демид",
         "secondname":"Иосифович",
         "birthdate":"1989-02-01",
         "email":"ljohnston1g@sohu.com",
         "phone":"355-(658)144-0607",
         "begin_work":"2016-11-25T9:21:00+03:00",
         "end_work":"2016-11-25T17:42:00+03:00",
         "position_id":1,
         "department_id":2
      }
   },
   {
      "model":"employees.Employee",
      "pk":54,
      "fields":{
         "lastname":"Абрамов",
         "firstname":"Велимир",
         "secondname":"Юльевич",
         "birthdate":"1974-07-05",
         "email":"jperkins1h@chron.com",
         "phone":"358-(294)799-7287",
         "begin_work":"2016-11-25T8:43:00+03:00",
         "end_work":"2016-11-25T18:07:00+03:00",
         "position_id":3,
         "department_id":3
      }
   },
   {
      "model":"employees.Employee",
      "pk":55,
      "fields":{
         "lastname":"Носков",
         "firstname":"Ий",
         "secondname":"Гордеевич",
         "birthdate":"1993-11-17",
         "email":"jwashington1i@kickstarter.com",
         "phone":"92-(504)338-4640",
         "begin_work":"2016-11-25T8:59:00+03:00",
         "end_work":"2016-11-25T18:05:00+03:00",
         "position_id":3,
         "department_id":2
      }
   },
   {
      "model":"employees.Employee",
      "pk":56,
      "fields":{
         "lastname":"Летов",
         "firstname":"Аркадий",
         "secondname":"Георгиевич",
         "birthdate":"1977-03-13",
         "email":"jrodriguez1j@example.com",
         "phone":"32-(418)870-1470",
         "begin_work":"2016-11-25T9:26:00+03:00",
         "end_work":"2016-11-25T18:14:00+03:00",
         "position_id":3,
         "department_id":1
      }
   },
   {
      "model":"employees.Employee",
      "pk":57,
      "fields":{
         "lastname":"Филиппов",
         "firstname":"Кай",
         "secondname":"Викторович",
         "birthdate":"1974-03-23",
         "email":"dbradley1k@ehow.com",
         "phone":"86-(201)769-0689",
         "begin_work":"2016-11-25T9:26:00+03:00",
         "end_work":"2016-11-25T17:40:00+03:00",
         "position_id":3,
         "department_id":3
      }
   },
   {
      "model":"employees.Employee",
      "pk":58,
      "fields":{
         "lastname":"Абрамов",
         "firstname":"Владлен",
         "secondname":"Валентинович",
         "birthdate":"1990-12-06",
         "email":"jharper1l@accuweather.com",
         "phone":"675-(340)115-4770",
         "begin_work":"2016-11-25T9:12:00+03:00",
         "end_work":"2016-11-25T17:42:00+03:00",
         "position_id":3,
         "department_id":1
      }
   },
   {
      "model":"employees.Employee",
      "pk":59,
      "fields":{
         "lastname":"Беляков",
         "firstname":"Цезарь",
         "secondname":"Зиновьевич",
         "birthdate":"1988-11-15",
         "email":"hchapman1m@mapquest.com",
         "phone":"46-(716)342-7882",
         "begin_work":"2016-11-25T8:51:00+03:00",
         "end_work":"2016-11-25T17:50:00+03:00",
         "position_id":3,
         "department_id":1
      }
   },
   {
      "model":"employees.Employee",
      "pk":60,
      "fields":{
         "lastname":"Белоус",
         "firstname":"Афанасий",
         "secondname":"Чеславович",
         "birthdate":"1977-10-20",
         "email":"cgonzales1n@businesswire.com",
         "phone":"506-(575)391-4155",
         "begin_work":"2016-11-25T8:41:00+03:00",
         "end_work":"2016-11-25T18:10:00+03:00",
         "position_id":3,
         "department_id":1
      }
   },
   {
      "model":"employees.Employee",
      "pk":61,
      "fields":{
         "lastname":"Лазарев",
         "firstname":"Борислав",
         "secondname":"Вячеславович",
         "birthdate":"1977-03-16",
         "email":"dhanson1o@stanford.edu",
         "phone":"86-(175)294-7887",
         "begin_work":"2016-11-25T9:06:00+03:00",
         "end_work":"2016-11-25T18:03:00+03:00",
         "position_id":1,
         "department_id":1
      }
   },
   {
      "model":"employees.Employee",
      "pk":62,
      "fields":{
         "lastname":"Шаров",
         "firstname":"Леопольд",
         "secondname":"Арсеньевич",
         "birthdate":"1981-11-17",
         "email":"madams1p@wisc.edu",
         "phone":"506-(676)232-6791",
         "begin_work":"2016-11-25T8:49:00+03:00",
         "end_work":"2016-11-25T17:50:00+03:00",
         "position_id":2,
         "department_id":3
      }
   },
   {
      "model":"employees.Employee",
      "pk":63,
      "fields":{
         "lastname":"Беляков",
         "firstname":"Афанасий",
         "secondname":"Антипович",
         "birthdate":"1980-08-12",
         "email":"pfox1q@vistaprint.com",
         "phone":"48-(748)280-2788",
         "begin_work":"2016-11-25T9:25:00+03:00",
         "end_work":"2016-11-25T17:39:00+03:00",
         "position_id":1,
         "department_id":2
      }
   },
   {
      "model":"employees.Employee",
      "pk":64,
      "fields":{
         "lastname":"Пахомов",
         "firstname":"Храбр",
         "secondname":"Владленович",
         "birthdate":"1980-01-18",
         "email":"ematthews1r@sbwire.com",
         "phone":"62-(294)872-5663",
         "begin_work":"2016-11-25T9:27:00+03:00",
         "end_work":"2016-11-25T17:49:00+03:00",
         "position_id":2,
         "department_id":2
      }
   },
   {
      "model":"employees.Employee",
      "pk":65,
      "fields":{
         "lastname":"Маслов",
         "firstname":"Гаврила",
         "secondname":"Ильясович",
         "birthdate":"1980-07-21",
         "email":"shunt1s@walmart.com",
         "phone":"33-(800)169-6190",
         "begin_work":"2016-11-25T9:13:00+03:00",
         "end_work":null,
         "position_id":2,
         "department_id":3
      }
   },
   {
      "model":"employees.Employee",
      "pk":66,
      "fields":{
         "lastname":"Рябов",
         "firstname":"Марин",
         "secondname":"Егорович",
         "birthdate":"1992-11-11",
         "email":"sford1t@mit.edu",
         "phone":"355-(833)130-8458",
         "begin_work":"2016-11-25T8:47:00+03:00",
         "end_work":"2016-11-25T18:20:00+03:00",
         "position_id":1,
         "department_id":2
      }
   },
   {
      "model":"employees.Employee",
      "pk":67,
      "fields":{
         "lastname":"Давыдов",
         "firstname":"Леонид",
         "secondname":"Афанасьевич",
         "birthdate":"1994-03-11",
         "email":"tnichols1u@dot.gov",
         "phone":"7-(236)527-9746",
         "begin_work":"2016-11-25T8:51:00+03:00",
         "end_work":"2016-11-25T18:07:00+03:00",
         "position_id":3,
         "department_id":3
      }
   },
   {
      "model":"employees.Employee",
      "pk":68,
      "fields":{
         "lastname":"Пахомов",
         "firstname":"Артамон",
         "secondname":"Брониславович",
         "birthdate":"1985-11-01",
         "email":"bsims1v@narod.ru",
         "phone":"61-(371)616-4468",
         "begin_work":"2016-11-25T8:53:00+03:00",
         "end_work":"2016-11-25T17:36:00+03:00",
         "position_id":1,
         "department_id":3
      }
   },
   {
      "model":"employees.Employee",
      "pk":69,
      "fields":{
         "lastname":"Богданов",
         "firstname":"Свет",
         "secondname":"Германович",
         "birthdate":"1987-01-13",
         "email":"rcastillo1w@prweb.com",
         "phone":"53-(974)277-5439",
         "begin_work":"2016-11-25T9:15:00+03:00",
         "end_work":"2016-11-25T17:35:00+03:00",
         "position_id":2,
         "department_id":1
      }
   },
   {
      "model":"employees.Employee",
      "pk":70,
      "fields":{
         "lastname":"Марков",
         "firstname":"Антон",
         "secondname":"Авдеевич",
         "birthdate":"1990-05-02",
         "email":"jparker1x@surveymonkey.com",
         "phone":"44-(743)788-0707",
         "begin_work":"2016-11-25T8:42:00+03:00",
         "end_work":"2016-11-25T17:42:00+03:00",
         "position_id":1,
         "department_id":1
      }
   },
   {
      "model":"employees.Employee",
      "pk":71,
      "fields":{
         "lastname":"Горшков",
         "firstname":"Кондрат",
         "secondname":"Евстигнеевич",
         "birthdate":"1991-09-03",
         "email":"tberry1y@wisc.edu",
         "phone":"504-(178)918-2152",
         "begin_work":"2016-11-25T9:23:00+03:00",
         "end_work":"2016-11-25T17:38:00+03:00",
         "position_id":3,
         "department_id":3
      }
   },
   {
      "model":"employees.Employee",
      "pk":72,
      "fields":{
         "lastname":"Щукин",
         "firstname":"Июлий",
         "secondname":"Валерьянович",
         "birthdate":"1981-10-31",
         "email":"vwood1z@disqus.com",
         "phone":"86-(558)389-1139",
         "begin_work":"2016-11-25T8:38:00+03:00",
         "end_work":"2016-11-25T17:31:00+03:00",
         "position_id":3,
         "department_id":1
      }
   },
   {
      "model":"employees.Employee",
      "pk":73,
      "fields":{
         "lastname":"Тихонов",
         "firstname":"Октябрь",
         "secondname":"Эдгарович",
         "birthdate":"1977-01-28",
         "email":"mcunningham20@yandex.ru",
         "phone":"84-(745)346-0437",
         "begin_work":"2016-11-25T8:46:00+03:00",
         "end_work":null,
         "position_id":3,
         "department_id":2
      }
   },
   {
      "model":"employees.Employee",
      "pk":74,
      "fields":{
         "lastname":"Блинов",
         "firstname":"Зот",
         "secondname":"Иосифович",
         "birthdate":"1974-07-07",
         "email":"mberry21@github.com",
         "phone":"86-(945)897-4144",
         "begin_work":"2016-11-25T9:03:00+03:00",
         "end_work":"2016-11-25T17:49:00+03:00",
         "position_id":1,
         "department_id":1
      }
   },
   {
      "model":"employees.Employee",
      "pk":75,
      "fields":{
         "lastname":"Носов",
         "firstname":"Константин",
         "secondname":"Адрианович",
         "birthdate":"1970-06-29",
         "email":"vgarrett22@bing.com",
         "phone":"593-(210)638-5400",
         "begin_work":"2016-11-25T9:02:00+03:00",
         "end_work":null,
         "position_id":3,
         "department_id":1
      }
   },
   {
      "model":"employees.Employee",
      "pk":76,
      "fields":{
         "lastname":"Шашков",
         "firstname":"Свет",
         "secondname":"Гурьевич",
         "birthdate":"1981-07-06",
         "email":"rwatkins23@oracle.com",
         "phone":"81-(384)707-6102",
         "begin_work":"2016-11-25T9:27:00+03:00",
         "end_work":"2016-11-25T18:18:00+03:00",
         "position_id":3,
         "department_id":3
      }
   },
   {
      "model":"employees.Employee",
      "pk":77,
      "fields":{
         "lastname":"Русаков",
         "firstname":"Борислав",
         "secondname":"Гурьевич",
         "birthdate":"1978-10-26",
         "email":"cpatterson24@patch.com",
         "phone":"57-(366)556-6598",
         "begin_work":"2016-11-25T8:33:00+03:00",
         "end_work":"2016-11-25T18:04:00+03:00",
         "position_id":3,
         "department_id":1
      }
   },
   {
      "model":"employees.Employee",
      "pk":78,
      "fields":{
         "lastname":"Блохин",
         "firstname":"Юлиан",
         "secondname":"Харлампович",
         "birthdate":"1981-02-14",
         "email":"jgreen25@cloudflare.com",
         "phone":"62-(312)689-6526",
         "begin_work":"2016-11-25T8:52:00+03:00",
         "end_work":null,
         "position_id":2,
         "department_id":3
      }
   },
   {
      "model":"employees.Employee",
      "pk":79,
      "fields":{
         "lastname":"Доронин",
         "firstname":"Май",
         "secondname":"Адрианович",
         "birthdate":"1978-04-03",
         "email":"jpierce26@sina.com.cn",
         "phone":"234-(582)273-0026",
         "begin_work":"2016-11-25T8:56:00+03:00",
         "end_work":"2016-11-25T18:25:00+03:00",
         "position_id":3,
         "department_id":2
      }
   },
   {
      "model":"employees.Employee",
      "pk":80,
      "fields":{
         "lastname":"Цветков",
         "firstname":"Володар",
         "secondname":"Арсенович",
         "birthdate":"1984-08-31",
         "email":"tmason27@devhub.com",
         "phone":"212-(380)966-0812",
         "begin_work":"2016-11-25T9:02:00+03:00",
         "end_work":"2016-11-25T18:13:00+03:00",
         "position_id":3,
         "department_id":1
      }
   },
   {
      "model":"employees.Employee",
      "pk":81,
      "fields":{
         "lastname":"Тихонов",
         "firstname":"Милен",
         "secondname":"Владиленович",
         "birthdate":"1990-09-18",
         "email":"cdiaz28@skype.com",
         "phone":"595-(597)688-5905",
         "begin_work":"2016-11-25T8:31:00+03:00",
         "end_work":null,
         "position_id":2,
         "department_id":3
      }
   },
   {
      "model":"employees.Employee",
      "pk":82,
      "fields":{
         "lastname":"Филатов",
         "firstname":"Милен",
         "secondname":"Вилорович",
         "birthdate":"1988-05-08",
         "email":"apayne29@sciencedirect.com",
         "phone":"356-(970)725-8802",
         "begin_work":"2016-11-25T9:28:00+03:00",
         "end_work":null,
         "position_id":1,
         "department_id":1
      }
   },
   {
      "model":"employees.Employee",
      "pk":83,
      "fields":{
         "lastname":"Артемьев",
         "firstname":"Милослав",
         "secondname":"Ефимьевич",
         "birthdate":"1992-04-21",
         "email":"charrison2a@yelp.com",
         "phone":"962-(190)506-2789",
         "begin_work":"2016-11-25T8:42:00+03:00",
         "end_work":null,
         "position_id":3,
         "department_id":2
      }
   },
   {
      "model":"employees.Employee",
      "pk":84,
      "fields":{
         "lastname":"Гущин",
         "firstname":"Анастасий",
         "secondname":"Даниилович",
         "birthdate":"1970-12-14",
         "email":"vwebb2b@tuttocitta.it",
         "phone":"86-(276)881-3119",
         "begin_work":"2016-11-25T9:06:00+03:00",
         "end_work":null,
         "position_id":1,
         "department_id":1
      }
   },
   {
      "model":"employees.Employee",
      "pk":85,
      "fields":{
         "lastname":"Кириллов",
         "firstname":"Евстафий",
         "secondname":"Артемьевич",
         "birthdate":"1991-05-19",
         "email":"jross2c@ox.ac.uk",
         "phone":"86-(920)641-8371",
         "begin_work":"2016-11-25T8:38:00+03:00",
         "end_work":"2016-11-25T18:11:00+03:00",
         "position_id":2,
         "department_id":1
      }
   },
   {
      "model":"employees.Employee",
      "pk":86,
      "fields":{
         "lastname":"Копылов",
         "firstname":"Новомир",
         "secondname":"Фролович",
         "birthdate":"1974-02-17",
         "email":"dhernandez2d@fotki.com",
         "phone":"86-(986)259-0143",
         "begin_work":"2016-11-25T8:53:00+03:00",
         "end_work":"2016-11-25T17:34:00+03:00",
         "position_id":1,
         "department_id":3
      }
   },
   {
      "model":"employees.Employee",
      "pk":87,
      "fields":{
         "lastname":"Прохоров",
         "firstname":"Неонил",
         "secondname":"Елизарович",
         "birthdate":"1974-06-25",
         "email":"gmorris2e@discovery.com",
         "phone":"30-(247)731-0842",
         "begin_work":"2016-11-25T9:07:00+03:00",
         "end_work":null,
         "position_id":3,
         "department_id":1
      }
   },
   {
      "model":"employees.Employee",
      "pk":88,
      "fields":{
         "lastname":"Артемьев",
         "firstname":"Парамон",
         "secondname":"Витальевич",
         "birthdate":"1985-12-09",
         "email":"wroberts2f@1688.com",
         "phone":"60-(204)396-9817",
         "begin_work":"2016-11-25T9:06:00+03:00",
         "end_work":"2016-11-25T17:37:00+03:00",
         "position_id":2,
         "department_id":1
      }
   },
   {
      "model":"employees.Employee",
      "pk":89,
      "fields":{
         "lastname":"Гордеев",
         "firstname":"Тельнан",
         "secondname":"Жоресович",
         "birthdate":"1976-12-29",
         "email":"elee2g@wiley.com",
         "phone":"84-(217)373-2938",
         "begin_work":"2016-11-25T9:14:00+03:00",
         "end_work":null,
         "position_id":1,
         "department_id":3
      }
   },
   {
      "model":"employees.Employee",
      "pk":90,
      "fields":{
         "lastname":"Ефремов",
         "firstname":"Аврор",
         "secondname":"Иосипович",
         "birthdate":"1989-06-11",
         "email":"kgilbert2h@nydailynews.com",
         "phone":"353-(570)501-8396",
         "begin_work":"2016-11-25T8:32:00+03:00",
         "end_work":null,
         "position_id":3,
         "department_id":2
      }
   },
   {
      "model":"employees.Employee",
      "pk":91,
      "fields":{
         "lastname":"Виноградов",
         "firstname":"Искандер",
         "secondname":"Матвеевич",
         "birthdate":"1984-11-21",
         "email":"sroberts2i@nationalgeographic.com",
         "phone":"965-(395)625-1265",
         "begin_work":"2016-11-25T8:37:00+03:00",
         "end_work":null,
         "position_id":1,
         "department_id":3
      }
   },
   {
      "model":"employees.Employee",
      "pk":92,
      "fields":{
         "lastname":"Тихонов",
         "firstname":"Всеволод",
         "secondname":"Эдгардович",
         "birthdate":"1982-08-01",
         "email":"dhamilton2j@pen.io",
         "phone":"1-(331)652-0105",
         "begin_work":"2016-11-25T9:17:00+03:00",
         "end_work":null,
         "position_id":3,
         "department_id":1
      }
   },
   {
      "model":"employees.Employee",
      "pk":93,
      "fields":{
         "lastname":"Тимофеев",
         "firstname":"Алексий",
         "secondname":"Фадеевич",
         "birthdate":"1975-12-11",
         "email":"jburke2k@histats.com",
         "phone":"7-(876)326-2859",
         "begin_work":"2016-11-25T8:52:00+03:00",
         "end_work":null,
         "position_id":3,
         "department_id":3
      }
   },
   {
      "model":"employees.Employee",
      "pk":94,
      "fields":{
         "lastname":"Корнилов",
         "firstname":"Евсей",
         "secondname":"Аксёнович",
         "birthdate":"1992-07-18",
         "email":"cmartinez2l@gov.uk",
         "phone":"86-(179)871-3308",
         "begin_work":"2016-11-25T9:24:00+03:00",
         "end_work":null,
         "position_id":1,
         "department_id":3
      }
   },
   {
      "model":"employees.Employee",
      "pk":95,
      "fields":{
         "lastname":"Сидоров",
         "firstname":"Неонил",
         "secondname":"Матвеевич",
         "birthdate":"1992-09-02",
         "email":"privera2m@samsung.com",
         "phone":"52-(766)457-9244",
         "begin_work":"2016-11-25T8:38:00+03:00",
         "end_work":"2016-11-25T17:39:00+03:00",
         "position_id":3,
         "department_id":1
      }
   },
   {
      "model":"employees.Employee",
      "pk":96,
      "fields":{
         "lastname":"Морозов",
         "firstname":"Светослав",
         "secondname":"Андреевич",
         "birthdate":"1990-06-28",
         "email":"tgarcia2n@ucoz.com",
         "phone":"7-(785)317-2080",
         "begin_work":"2016-11-25T9:08:00+03:00",
         "end_work":null,
         "position_id":1,
         "department_id":3
      }
   },
   {
      "model":"employees.Employee",
      "pk":97,
      "fields":{
         "lastname":"Родионов",
         "firstname":"Остромир",
         "secondname":"Чеславович",
         "birthdate":"1981-07-11",
         "email":"sdaniels2o@ovh.net",
         "phone":"234-(339)671-0601",
         "begin_work":"2016-11-25T9:23:00+03:00",
         "end_work":"2016-11-25T17:49:00+03:00",
         "position_id":1,
         "department_id":3
      }
   },
   {
      "model":"employees.Employee",
      "pk":98,
      "fields":{
         "lastname":"Дементьев",
         "firstname":"Анисим",
         "secondname":"Ермолаевич",
         "birthdate":"1978-10-03",
         "email":"sjohnson2p@facebook.com",
         "phone":"51-(489)915-1140",
         "begin_work":"2016-11-25T8:46:00+03:00",
         "end_work":null,
         "position_id":1,
         "department_id":3
      }
   },
   {
      "model":"employees.Employee",
      "pk":99,
      "fields":{
         "lastname":"Исаков",
         "firstname":"Лавр",
         "secondname":"Витальевич",
         "birthdate":"1970-06-10",
         "email":"alopez2q@auda.org.au",
         "phone":"63-(431)263-1960",
         "begin_work":"2016-11-25T8:48:00+03:00",
         "end_work":"2016-11-25T17:30:00+03:00",
         "position_id":2,
         "department_id":1
      }
   },
   {
      "model":"employees.Employee",
      "pk":100,
      "fields":{
         "lastname":"Орлов",
         "firstname":"Борислав",
         "secondname":"Харитонович",
         "birthdate":"1982-07-05",
         "email":"sgardner2r@stumbleupon.com",
         "phone":"359-(780)499-5101",
         "begin_work":"2016-11-25T8:56:00+03:00",
         "end_work":null,
         "position_id":1,
         "department_id":1
      }
   }
]
